id,name,subject,section,chapter,default_role,aliases,status
M1-H01-001,函数定义域,数学一,高等数学,函数、极限与连续,core,,active
M1-H01-002,复合函数与反函数,数学一,高等数学,函数、极限与连续,core,,active
M1-H01-003,函数奇偶性、周期性与单调性,数学一,高等数学,函数、极限与连续,core,,active
M1-H01-004,函数有界性,数学一,高等数学,函数、极限与连续,core,,active
M1-H01-005,数列极限计算,数学一,高等数学,函数、极限与连续,core,,active
M1-H01-006,函数极限计算,数学一,高等数学,函数、极限与连续,core,,active
M1-H01-007,左右极限与极限存在性,数学一,高等数学,函数、极限与连续,core,,active
M1-H01-008,无穷小与无穷大量,数学一,高等数学,函数、极限与连续,core,,active
M1-H01-009,无穷小阶的比较,数学一,高等数学,函数、极限与连续,core,,active
M1-H01-010,等价无穷小替换,数学一,高等数学,函数、极限与连续,core,,active
M1-H01-011,两个重要极限,数学一,高等数学,函数、极限与连续,core,,active
M1-H01-012,夹逼准则求极限,数学一,高等数学,函数、极限与连续,core,,active
M1-H01-013,单调有界准则求数列极限,数学一,高等数学,函数、极限与连续,core,,active
M1-H01-014,洛必达法则求极限,数学一,高等数学,函数、极限与连续,core,,active
M1-H01-015,泰勒展开求极限,数学一,高等数学,函数、极限与连续,core,,active
M1-H01-016,变限积分型极限,数学一,高等数学,函数、极限与连续,core,,active
M1-H01-017,递推数列极限,数学一,高等数学,函数、极限与连续,core,,active
M1-H01-018,函数连续性判断,数学一,高等数学,函数、极限与连续,core,,active
M1-H01-019,分段函数连续参数确定,数学一,高等数学,函数、极限与连续,core,,active
M1-H01-020,间断点类型判断,数学一,高等数学,函数、极限与连续,core,,active
M1-H01-021,闭区间连续函数性质,数学一,高等数学,函数、极限与连续,auxiliary,,active
M1-H01-022,零点存在定理,数学一,高等数学,函数、极限与连续,core,,active
M1-H02-001,导数定义求导数,数学一,高等数学,一元函数微分学,core,,active
M1-H02-002,导数定义判断可导性,数学一,高等数学,一元函数微分学,core,,active
M1-H02-003,导数与连续的关系,数学一,高等数学,一元函数微分学,auxiliary,,active
M1-H02-004,复合函数求导,数学一,高等数学,一元函数微分学,core,,active
M1-H02-005,隐函数求导,数学一,高等数学,一元函数微分学,core,,active
M1-H02-006,参数方程一阶导数,数学一,高等数学,一元函数微分学,core,,active
M1-H02-007,参数方程二阶导数,数学一,高等数学,一元函数微分学,core,,active
M1-H02-008,反函数求导,数学一,高等数学,一元函数微分学,core,,active
M1-H02-009,高阶导数计算,数学一,高等数学,一元函数微分学,core,,active
M1-H02-010,莱布尼茨公式求高阶导数,数学一,高等数学,一元函数微分学,core,,active
M1-H02-011,微分计算,数学一,高等数学,一元函数微分学,core,,active
M1-H02-012,切线与法线方程,数学一,高等数学,一元函数微分学,core,,active
M1-H02-013,导数判断函数单调性,数学一,高等数学,一元函数微分学,core,,active
M1-H02-014,函数极值判定,数学一,高等数学,一元函数微分学,core,,active
M1-H02-015,函数最值计算,数学一,高等数学,一元函数微分学,core,,active
M1-H02-016,函数凹凸性判断,数学一,高等数学,一元函数微分学,core,,active
M1-H02-017,拐点判定,数学一,高等数学,一元函数微分学,core,,active
M1-H02-018,渐近线求解,数学一,高等数学,一元函数微分学,core,,active
M1-H02-019,曲率与曲率半径,数学一,高等数学,一元函数微分学,core,,active
M1-H02-020,罗尔定理,数学一,高等数学,一元函数微分学,core,,active
M1-H02-021,拉格朗日中值定理,数学一,高等数学,一元函数微分学,core,,active
M1-H02-022,柯西中值定理,数学一,高等数学,一元函数微分学,core,,active
M1-H02-023,泰勒中值定理,数学一,高等数学,一元函数微分学,core,,active
M1-H02-024,辅助函数构造法,数学一,高等数学,一元函数微分学,core,,active
M1-H02-025,中值定理证明等式,数学一,高等数学,一元函数微分学,core,,active
M1-H02-026,中值定理证明不等式,数学一,高等数学,一元函数微分学,core,,active
M1-H02-027,中值定理证明零点存在性,数学一,高等数学,一元函数微分学,core,,active
M1-H02-028,零点个数与唯一性证明,数学一,高等数学,一元函数微分学,core,,active
M1-H02-029,导数证明函数不等式,数学一,高等数学,一元函数微分学,core,,active
M1-H02-030,导函数零点与原函数性态,数学一,高等数学,一元函数微分学,core,,active
M1-H02-031,函数与导函数图像关系,数学一,高等数学,一元函数微分学,core,,active
M1-H03-001,基本积分法,数学一,高等数学,一元函数积分学,core,,active
M1-H03-002,第一类换元积分法,数学一,高等数学,一元函数积分学,core,,active
M1-H03-003,第二类换元积分法,数学一,高等数学,一元函数积分学,core,,active
M1-H03-004,分部积分法,数学一,高等数学,一元函数积分学,core,,active
M1-H03-005,有理函数积分,数学一,高等数学,一元函数积分学,core,,active
M1-H03-006,三角函数积分,数学一,高等数学,一元函数积分学,core,,active
M1-H03-007,根式积分,数学一,高等数学,一元函数积分学,core,,active
M1-H03-008,定积分基本性质,数学一,高等数学,一元函数积分学,core,,active
M1-H03-009,定积分对称性,数学一,高等数学,一元函数积分学,core,,active
M1-H03-010,定积分周期性,数学一,高等数学,一元函数积分学,core,,active
M1-H03-011,定积分换元法,数学一,高等数学,一元函数积分学,core,,active
M1-H03-012,定积分分部积分法,数学一,高等数学,一元函数积分学,core,,active
M1-H03-013,牛顿—莱布尼茨公式,数学一,高等数学,一元函数积分学,core,,active
M1-H03-014,积分中值定理,数学一,高等数学,一元函数积分学,core,,active
M1-H03-015,变限积分函数求导,数学一,高等数学,一元函数积分学,core,,active
M1-H03-016,变限积分函数性质,数学一,高等数学,一元函数积分学,core,,active
M1-H03-017,变限积分综合极限,数学一,高等数学,一元函数积分学,core,,active
M1-H03-018,无穷区间反常积分,数学一,高等数学,一元函数积分学,core,,active
M1-H03-019,无界函数反常积分,数学一,高等数学,一元函数积分学,core,,active
M1-H03-020,反常积分敛散性判断,数学一,高等数学,一元函数积分学,core,,active
M1-H03-021,反常积分比较判别法,数学一,高等数学,一元函数积分学,core,,active
M1-H03-022,定积分求平面图形面积,数学一,高等数学,一元函数积分学,core,,active
M1-H03-023,定积分求旋转体体积,数学一,高等数学,一元函数积分学,core,,active
M1-H03-024,定积分求平行截面体体积,数学一,高等数学,一元函数积分学,core,,active
M1-H03-025,定积分求平面曲线弧长,数学一,高等数学,一元函数积分学,core,,active
M1-H03-026,定积分求旋转曲面面积,数学一,高等数学,一元函数积分学,core,,active
M1-H03-027,定积分物理应用,数学一,高等数学,一元函数积分学,core,,active
M1-H04-001,向量基本运算,数学一,高等数学,向量代数与空间解析几何,core,,active
M1-H04-002,方向角与方向余弦,数学一,高等数学,向量代数与空间解析几何,core,,active
M1-H04-003,数量积及其几何应用,数学一,高等数学,向量代数与空间解析几何,core,,active
M1-H04-004,向量积及其几何应用,数学一,高等数学,向量代数与空间解析几何,core,,active
M1-H04-005,向量平行与垂直判定,数学一,高等数学,向量代数与空间解析几何,core,,active
M1-H04-006,平面方程,数学一,高等数学,向量代数与空间解析几何,core,,active
M1-H04-007,空间直线方程,数学一,高等数学,向量代数与空间解析几何,core,,active
M1-H04-008,直线、平面位置关系,数学一,高等数学,向量代数与空间解析几何,core,,active
M1-H04-009,空间夹角计算,数学一,高等数学,向量代数与空间解析几何,core,,active
M1-H04-010,点到平面距离,数学一,高等数学,向量代数与空间解析几何,core,,active
M1-H04-011,柱面识别,数学一,高等数学,向量代数与空间解析几何,core,,active
M1-H04-012,旋转曲面方程,数学一,高等数学,向量代数与空间解析几何,core,,active
M1-H04-013,二次曲面识别,数学一,高等数学,向量代数与空间解析几何,core,,active
M1-H04-014,空间曲线参数方程,数学一,高等数学,向量代数与空间解析几何,core,,active
M1-H04-015,空间曲线投影方程,数学一,高等数学,向量代数与空间解析几何,core,,active
M1-H05-001,二元函数定义域,数学一,高等数学,多元函数微分学,core,,active
M1-H05-002,二元函数极限,数学一,高等数学,多元函数微分学,core,,active
M1-H05-003,二元函数连续性,数学一,高等数学,多元函数微分学,core,,active
M1-H05-004,一阶偏导数计算,数学一,高等数学,多元函数微分学,core,,active
M1-H05-005,高阶偏导数与混合偏导数,数学一,高等数学,多元函数微分学,core,,active
M1-H05-006,全微分计算,数学一,高等数学,多元函数微分学,core,,active
M1-H05-007,多元函数可微性判定,数学一,高等数学,多元函数微分学,core,,active
M1-H05-008,连续、可偏导、可微关系判断,数学一,高等数学,多元函数微分学,core,,active
M1-H05-009,多元复合函数链式求导,数学一,高等数学,多元函数微分学,core,,active
M1-H05-010,抽象复合函数偏导数,数学一,高等数学,多元函数微分学,core,,active
M1-H05-011,一元隐函数求导,数学一,高等数学,多元函数微分学,core,,active
M1-H05-012,二元隐函数偏导,数学一,高等数学,多元函数微分学,core,,active
M1-H05-013,隐函数组求导,数学一,高等数学,多元函数微分学,core,,active
M1-H05-014,方向导数,数学一,高等数学,多元函数微分学,core,,active
M1-H05-015,梯度,数学一,高等数学,多元函数微分学,core,,active
M1-H05-016,最大方向导数与梯度,数学一,高等数学,多元函数微分学,core,,active
M1-H05-017,空间曲线切线与法平面,数学一,高等数学,多元函数微分学,core,,active
M1-H05-018,曲面切平面与法线,数学一,高等数学,多元函数微分学,core,,active
M1-H05-019,二元函数无条件极值,数学一,高等数学,多元函数微分学,core,,active
M1-H05-020,二元函数极值充分条件,数学一,高等数学,多元函数微分学,core,,active
M1-H05-021,拉格朗日乘数法,数学一,高等数学,多元函数微分学,core,,active
M1-H05-022,闭区域多元函数最值,数学一,高等数学,多元函数微分学,core,,active
M1-H06-001,二重积分直角坐标法,数学一,高等数学,多元函数积分学,core,,active
M1-H06-002,二重积分极坐标法,数学一,高等数学,多元函数积分学,core,,active
M1-H06-003,二重积分积分区域确定,数学一,高等数学,多元函数积分学,core,,active
M1-H06-004,二重积分交换积分次序,数学一,高等数学,多元函数积分学,core,,active
M1-H06-005,二重积分对称性,数学一,高等数学,多元函数积分学,core,,active
M1-H06-006,二重积分分区域计算,数学一,高等数学,多元函数积分学,core,,active
M1-H06-007,二重积分中值定理,数学一,高等数学,多元函数积分学,auxiliary,,active
M1-H06-008,三重积分直角坐标法,数学一,高等数学,多元函数积分学,core,,active
M1-H06-009,三重积分柱面坐标法,数学一,高等数学,多元函数积分学,core,,active
M1-H06-010,三重积分球面坐标法,数学一,高等数学,多元函数积分学,core,,active
M1-H06-011,三重积分积分区域确定,数学一,高等数学,多元函数积分学,core,,active
M1-H06-012,三重积分对称性,数学一,高等数学,多元函数积分学,core,,active
M1-H06-013,第一类曲线积分参数化法,数学一,高等数学,多元函数积分学,core,,active
M1-H06-014,第一类曲线积分对称性,数学一,高等数学,多元函数积分学,core,,active
M1-H06-015,第二类曲线积分参数化法,数学一,高等数学,多元函数积分学,core,,active
M1-H06-016,第二类曲线积分方向判断,数学一,高等数学,多元函数积分学,auxiliary,,active
M1-H06-017,两类曲线积分相互转化,数学一,高等数学,多元函数积分学,core,,active
M1-H06-018,普通格林公式,数学一,高等数学,多元函数积分学,core,Green公式|格林公式,active
M1-H06-019,格林公式补线法,数学一,高等数学,多元函数积分学,core,补线格林|补区域格林|闭合曲线法,active
M1-H06-020,有瑕点的格林公式,数学一,高等数学,多元函数积分学,core,有奇点的格林公式|挖洞格林|去奇点格林,active
M1-H06-021,第二类曲线积分路径无关判定,数学一,高等数学,多元函数积分学,core,,active
M1-H06-022,利用路径无关换路,数学一,高等数学,多元函数积分学,core,,active
M1-H06-023,利用路径无关求原函数,数学一,高等数学,多元函数积分学,core,,active
M1-H06-024,全微分型曲线积分,数学一,高等数学,多元函数积分学,core,,active
M1-H06-025,第一类曲面积分直接投影法,数学一,高等数学,多元函数积分学,core,,active
M1-H06-026,第一类曲面积分参数化法,数学一,高等数学,多元函数积分学,core,,active
M1-H06-027,第一类曲面积分对称性,数学一,高等数学,多元函数积分学,core,,active
M1-H06-028,第二类曲面积分方向判断,数学一,高等数学,多元函数积分学,auxiliary,,active
M1-H06-029,第二类曲面积分直接投影法,数学一,高等数学,多元函数积分学,core,,active
M1-H06-030,三合一投影法,数学一,高等数学,多元函数积分学,core,第二类曲面积分三合一投影法,active
M1-H06-031,第二类曲面积分对称性,数学一,高等数学,多元函数积分学,core,,active
M1-H06-032,两类曲面积分相互转化,数学一,高等数学,多元函数积分学,core,,active
M1-H06-033,普通高斯公式,数学一,高等数学,多元函数积分学,core,Gauss公式|高斯公式,active
M1-H06-034,高斯公式补面法,数学一,高等数学,多元函数积分学,core,补面高斯,active
M1-H06-035,有瑕点的高斯公式,数学一,高等数学,多元函数积分学,core,有奇点的高斯公式|挖洞高斯|挖球法|去奇点高斯,active
M1-H06-036,第一类斯托克斯公式,数学一,高等数学,多元函数积分学,core,第一类Stokes公式,active
M1-H06-037,第二类斯托克斯公式,数学一,高等数学,多元函数积分学,core,第二类Stokes公式,active
M1-H06-038,斯托克斯公式换面法,数学一,高等数学,多元函数积分学,core,Stokes换面法,active
M1-H06-039,斯托克斯公式方向判断,数学一,高等数学,多元函数积分学,auxiliary,,active
M1-H06-040,散度计算,数学一,高等数学,多元函数积分学,core,,active
M1-H06-041,旋度计算,数学一,高等数学,多元函数积分学,core,,active
M1-H06-042,第二类曲线积分求功,数学一,高等数学,多元函数积分学,core,,active
M1-H06-043,第一类曲线积分求质量与质心,数学一,高等数学,多元函数积分学,core,,active
M1-H06-044,三重积分求质量与质心,数学一,高等数学,多元函数积分学,core,,active
M1-H07-001,级数收敛必要条件,数学一,高等数学,无穷级数,core,,active
M1-H07-002,正项级数比较判别法,数学一,高等数学,无穷级数,core,,active
M1-H07-003,正项级数极限比较判别法,数学一,高等数学,无穷级数,core,,active
M1-H07-004,正项级数比值判别法,数学一,高等数学,无穷级数,core,,active
M1-H07-005,正项级数根值判别法,数学一,高等数学,无穷级数,core,,active
M1-H07-006,正项级数积分判别法,数学一,高等数学,无穷级数,core,,active
M1-H07-007,交错级数莱布尼茨判别法,数学一,高等数学,无穷级数,core,,active
M1-H07-008,绝对收敛与条件收敛,数学一,高等数学,无穷级数,core,,active
M1-H07-009,一般项级数敛散性判断,数学一,高等数学,无穷级数,core,,active
M1-H07-010,幂级数收敛半径,数学一,高等数学,无穷级数,core,,active
M1-H07-011,幂级数收敛区间与端点敛散性,数学一,高等数学,无穷级数,core,,active
M1-H07-012,幂级数逐项求导与逐项积分,数学一,高等数学,无穷级数,core,,active
M1-H07-013,幂级数求和函数,数学一,高等数学,无穷级数,core,,active
M1-H07-014,由和函数反求级数,数学一,高等数学,无穷级数,core,,active
M1-H07-015,函数直接展开为幂级数,数学一,高等数学,无穷级数,core,,active
M1-H07-016,利用已知展开式间接展开,数学一,高等数学,无穷级数,core,,active
M1-H07-017,Fourier系数计算,数学一,高等数学,无穷级数,core,,active
M1-H07-018,Fourier级数展开,数学一,高等数学,无穷级数,core,,active
M1-H07-019,正弦级数与余弦级数展开,数学一,高等数学,无穷级数,core,,active
M1-H07-020,狄利克雷收敛定理,数学一,高等数学,无穷级数,core,,active
M1-H07-021,Fourier级数收敛值判断,数学一,高等数学,无穷级数,core,,active
M1-H08-001,可分离变量微分方程,数学一,高等数学,常微分方程,core,,active
M1-H08-002,齐次微分方程,数学一,高等数学,常微分方程,core,,active
M1-H08-003,一阶线性微分方程,数学一,高等数学,常微分方程,core,,active
M1-H08-004,伯努利微分方程,数学一,高等数学,常微分方程,core,,active
M1-H08-005,变量代换解微分方程,数学一,高等数学,常微分方程,core,,active
M1-H08-006,一阶微分方程初值问题,数学一,高等数学,常微分方程,core,,active
M1-H08-007,缺失因变量的降阶方程,数学一,高等数学,常微分方程,core,,active
M1-H08-008,缺失自变量的降阶方程,数学一,高等数学,常微分方程,core,,active
M1-H08-009,常系数齐次线性微分方程,数学一,高等数学,常微分方程,core,,active
M1-H08-010,常系数非齐次微分方程待定系数法,数学一,高等数学,常微分方程,core,,active
M1-H08-011,非齐次特解形式判定,数学一,高等数学,常微分方程,core,,active
M1-H08-012,非齐次特解共振处理,数学一,高等数学,常微分方程,core,,active
M1-H08-013,欧拉方程,数学一,高等数学,常微分方程,core,,active
M1-H08-014,微分方程反求未知函数,数学一,高等数学,常微分方程,core,,active
M1-H08-015,微分方程应用题,数学一,高等数学,常微分方程,core,,active
M1-H08-016,非齐次线性微分方程解的结构,数学一,高等数学,常微分方程,core,非齐次方程解结构,active
M1-L01-001,行列式直接计算,数学一,线性代数,行列式,core,,active
M1-L01-002,行列式性质与初等变换,数学一,线性代数,行列式,core,,active
M1-L01-003,按行列展开行列式,数学一,线性代数,行列式,core,,active
M1-L01-004,余子式与代数余子式,数学一,线性代数,行列式,core,,active
M1-L01-005,代数余子式求和,数学一,线性代数,行列式,core,,active
M1-L01-006,三角形行列式,数学一,线性代数,行列式,core,,active
M1-L01-007,分块行列式,数学一,线性代数,行列式,core,,active
M1-L01-008,范德蒙德行列式,数学一,线性代数,行列式,core,,active
M1-L01-009,递推型行列式,数学一,线性代数,行列式,core,,active
M1-L01-010,特殊结构行列式计算,数学一,线性代数,行列式,core,,active
M1-L01-011,矩阵乘积的行列式,数学一,线性代数,行列式,core,,active
M1-L01-012,利用行列式判断矩阵可逆,数学一,线性代数,行列式,core,,active
M1-L02-001,矩阵基本运算,数学一,线性代数,矩阵,core,,active
M1-L02-002,矩阵乘法及不可交换性,数学一,线性代数,矩阵,core,,active
M1-L02-003,矩阵幂计算,数学一,线性代数,矩阵,core,,active
M1-L02-004,矩阵多项式,数学一,线性代数,矩阵,core,,active
M1-L02-005,矩阵转置运算,数学一,线性代数,矩阵,core,,active
M1-L02-006,对称矩阵与反对称矩阵,数学一,线性代数,矩阵,core,,active
M1-L02-007,矩阵可逆判定,数学一,线性代数,矩阵,core,,active
M1-L02-008,伴随矩阵法求逆,数学一,线性代数,矩阵,core,,active
M1-L02-009,初等变换法求逆,数学一,线性代数,矩阵,core,,active
M1-L02-010,分块矩阵求逆,数学一,线性代数,矩阵,core,,active
M1-L02-011,逆矩阵性质,数学一,线性代数,矩阵,core,,active
M1-L02-012,伴随矩阵基本性质,数学一,线性代数,矩阵,core,,active
M1-L02-013,伴随矩阵与原矩阵关系,数学一,线性代数,矩阵,core,,active
M1-L02-014,伴随矩阵的秩,数学一,线性代数,矩阵,core,,active
M1-L02-015,矩阵初等变换,数学一,线性代数,矩阵,core,,active
M1-L02-016,初等矩阵左乘与行变换,数学一,线性代数,矩阵,core,,active
M1-L02-017,初等矩阵右乘与列变换,数学一,线性代数,矩阵,core,,active
M1-L02-018,初等矩阵求逆,数学一,线性代数,矩阵,core,,active
M1-L02-019,初等变换求矩阵秩,数学一,线性代数,矩阵,core,,active
M1-L02-020,含参数矩阵的秩,数学一,线性代数,矩阵,core,,active
M1-L02-021,非零子式与矩阵秩,数学一,线性代数,矩阵,core,,active
M1-L02-022,矩阵乘积的秩关系,数学一,线性代数,矩阵,core,,active
M1-L02-023,矩阵和的秩关系,数学一,线性代数,矩阵,core,,active
M1-L02-024,AB=0的秩关系,数学一,线性代数,矩阵,core,,active
M1-L02-025,可逆矩阵乘法不改变秩,数学一,线性代数,矩阵,auxiliary,,active
M1-L02-026,矩阵等价与秩,数学一,线性代数,矩阵,core,,active
M1-L02-027,矩阵标准形,数学一,线性代数,矩阵,core,,active
M1-L02-028,分块矩阵运算,数学一,线性代数,矩阵,core,,active
M1-L03-001,向量线性组合,数学一,线性代数,向量与向量空间,core,,active
M1-L03-002,向量由向量组线性表示,数学一,线性代数,向量与向量空间,core,,active
M1-L03-003,向量不能由向量组线性表示,数学一,线性代数,向量与向量空间,core,,active
M1-L03-004,向量组线性相关判定,数学一,线性代数,向量与向量空间,core,,active
M1-L03-005,向量组线性无关判定,数学一,线性代数,向量与向量空间,core,,active
M1-L03-006,部分相关与整体相关关系,数学一,线性代数,向量与向量空间,auxiliary,,active
M1-L03-007,向量个数与维数判定线性相关,数学一,线性代数,向量与向量空间,core,,active
M1-L03-008,齐次方程组判定向量组线性相关,数学一,线性代数,向量与向量空间,core,,active
M1-L03-009,求极大线性无关组,数学一,线性代数,向量与向量空间,core,,active
M1-L03-010,利用极大无关组表示原向量组,数学一,线性代数,向量与向量空间,core,,active
M1-L03-011,极大无关组与向量组秩,数学一,线性代数,向量与向量空间,core,,active
M1-L03-012,求向量组的秩,数学一,线性代数,向量与向量空间,core,,active
M1-L03-013,向量组秩与矩阵秩,数学一,线性代数,向量与向量空间,core,,active
M1-L03-014,增减向量对向量组秩的影响,数学一,线性代数,向量与向量空间,core,,active
M1-L03-015,向量组等价判定,数学一,线性代数,向量与向量空间,core,,active
M1-L03-016,向量组等价与秩,数学一,线性代数,向量与向量空间,core,,active
M1-L03-017,两组向量相互表示与秩关系,数学一,线性代数,向量与向量空间,core,,active
M1-L03-018,向量空间及子空间,数学一,线性代数,向量与向量空间,core,,active
M1-L03-019,向量空间的基与维数,数学一,线性代数,向量与向量空间,core,,active
M1-L03-020,向量在一组基下的坐标,数学一,线性代数,向量与向量空间,core,,active
M1-L03-021,基变换与过渡矩阵,数学一,线性代数,向量与向量空间,core,,active
M1-L03-022,不同基下的坐标变换,数学一,线性代数,向量与向量空间,core,,active
M1-L03-023,向量内积与正交,数学一,线性代数,向量与向量空间,core,,active
M1-L03-024,正交向量组的性质,数学一,线性代数,向量与向量空间,auxiliary,,active
M1-L03-025,施密特正交化,数学一,线性代数,向量与向量空间,core,,active
M1-L03-026,单位化与标准正交基,数学一,线性代数,向量与向量空间,core,,active
M1-L03-027,正交矩阵及其性质,数学一,线性代数,向量与向量空间,core,,active
M1-L04-001,克拉默法则,数学一,线性代数,线性方程组,core,,active
M1-L04-002,齐次线性方程组非零解判定,数学一,线性代数,线性方程组,core,,active
M1-L04-003,非齐次线性方程组解的秩判定,数学一,线性代数,线性方程组,core,,active
M1-L04-004,齐次线性方程组基础解系,数学一,线性代数,线性方程组,core,,active
M1-L04-005,齐次线性方程组通解,数学一,线性代数,线性方程组,core,,active
M1-L04-006,齐次方程组解空间维数n-r(A),数学一,线性代数,线性方程组,core,,active
M1-L04-007,非齐次线性方程组特解,数学一,线性代数,线性方程组,core,,active
M1-L04-008,非齐次线性方程组通解,数学一,线性代数,线性方程组,core,,active
M1-L04-009,非齐次解与对应齐次解的关系,数学一,线性代数,线性方程组,core,,active
M1-L04-010,已知若干解构造其他解,数学一,线性代数,线性方程组,core,,active
M1-L04-011,含参数方程组有解条件,数学一,线性代数,线性方程组,core,,active
M1-L04-012,含参数方程组解的个数,数学一,线性代数,线性方程组,core,,active
M1-L04-013,含参数方程组求通解,数学一,线性代数,线性方程组,core,,active
M1-L04-014,方程组有解与向量线性表示,数学一,线性代数,线性方程组,core,,active
M1-L04-015,齐次方程组与向量组线性相关,数学一,线性代数,线性方程组,core,,active
M1-L04-016,方程组与矩阵秩综合,数学一,线性代数,线性方程组,core,,active
M1-L04-017,矩阵方程求解,数学一,线性代数,线性方程组,core,AX=B|XA=B|AC-CA=B|矩阵未知量方程,active
M1-L04-018,矩阵方程有解的秩条件,数学一,线性代数,线性方程组,core,,active
M1-L05-001,特征方程与特征多项式,数学一,线性代数,特征值与特征向量,core,,active
M1-L05-002,求矩阵特征值,数学一,线性代数,特征值与特征向量,core,,active
M1-L05-003,含参数矩阵的特征值,数学一,线性代数,特征值与特征向量,core,,active
M1-L05-004,求特征向量,数学一,线性代数,特征值与特征向量,core,,active
M1-L05-005,求特征子空间,数学一,线性代数,特征值与特征向量,core,,active
M1-L05-006,不同特征值对应特征向量线性无关,数学一,线性代数,特征值与特征向量,core,,active
M1-L05-007,重特征值的特征向量,数学一,线性代数,特征值与特征向量,core,,active
M1-L05-008,特征值之和与矩阵迹,数学一,线性代数,特征值与特征向量,core,,active
M1-L05-009,特征值之积与矩阵行列式,数学一,线性代数,特征值与特征向量,core,,active
M1-L05-010,特征值与矩阵可逆性,数学一,线性代数,特征值与特征向量,core,,active
M1-L05-011,特征值与矩阵秩,数学一,线性代数,特征值与特征向量,core,,active
M1-L05-012,kA与A+kE的特征值,数学一,线性代数,特征值与特征向量,core,,active
M1-L05-013,A^n的特征值,数学一,线性代数,特征值与特征向量,core,,active
M1-L05-014,A^{-1}的特征值,数学一,线性代数,特征值与特征向量,core,,active
M1-L05-015,矩阵多项式f(A)的特征值,数学一,线性代数,特征值与特征向量,core,,active
M1-L05-016,伴随矩阵的特征值,数学一,线性代数,特征值与特征向量,core,,active
M1-L05-017,矩阵相似判定,数学一,线性代数,特征值与特征向量,core,,active
M1-L05-018,相似矩阵的性质,数学一,线性代数,特征值与特征向量,core,,active
M1-L05-019,矩阵可相似对角化判定,数学一,线性代数,特征值与特征向量,core,,active
M1-L05-020,重特征值下可对角化判定,数学一,线性代数,特征值与特征向量,core,,active
M1-L05-021,求相似变换矩阵P,数学一,线性代数,特征值与特征向量,core,,active
M1-L05-022,相似对角化求矩阵,数学一,线性代数,特征值与特征向量,core,,active
M1-L05-023,利用相似关系求矩阵幂,数学一,线性代数,特征值与特征向量,core,相似对角化求矩阵幂|矩阵递推,active
M1-L05-024,实对称矩阵特征值与特征向量性质,数学一,线性代数,特征值与特征向量,core,,active
M1-L05-025,实对称矩阵正交对角化,数学一,线性代数,特征值与特征向量,core,,active
M1-L05-026,构造正交变换矩阵,数学一,线性代数,特征值与特征向量,core,,active
M1-L05-027,已知特征值反求矩阵参数,数学一,线性代数,特征值与特征向量,core,,active
M1-L05-028,已知特征向量反求矩阵参数,数学一,线性代数,特征值与特征向量,core,,active
M1-L05-029,特征值与矩阵方程综合,数学一,线性代数,特征值与特征向量,core,,active
M1-L05-030,由特征值和特征向量重构实对称矩阵,数学一,线性代数,特征值与特征向量,core,,active
M1-L05-031,特征向量的线性组合与分解,数学一,线性代数,特征值与特征向量,core,特征向量线性组合|特征向量分解,active
M1-L05-032,AB与BA的特征值关系,数学一,线性代数,特征值与特征向量,core,AB与BA非零特征值|AB与BA特征多项式,active
M1-L06-001,二次型与对称矩阵互化,数学一,线性代数,二次型,core,,active
M1-L06-002,二次型的线性变换,数学一,线性代数,二次型,core,,active
M1-L06-003,矩阵合同判定,数学一,线性代数,二次型,core,,active
M1-L06-004,合同矩阵的性质,数学一,线性代数,二次型,core,,active
M1-L06-005,二次型标准形,数学一,线性代数,二次型,core,,active
M1-L06-006,二次型规范形,数学一,线性代数,二次型,core,,active
M1-L06-007,配方法化二次型为标准形,数学一,线性代数,二次型,core,,active
M1-L06-008,正交变换化二次型为标准形,数学一,线性代数,二次型,core,,active
M1-L06-009,利用特征值确定标准形,数学一,线性代数,二次型,core,,active
M1-L06-010,利用特征向量构造正交矩阵,数学一,线性代数,二次型,core,,active
M1-L06-011,重特征值对应特征向量正交化,数学一,线性代数,二次型,core,,active
M1-L06-012,惯性定理,数学一,线性代数,二次型,core,,active
M1-L06-013,二次型的正负惯性指数,数学一,线性代数,二次型,core,正惯性指数|负惯性指数,active
M1-L06-014,利用惯性指数判断合同,数学一,线性代数,二次型,core,,active
M1-L06-015,正定二次型与正定矩阵,数学一,线性代数,二次型,core,,active
M1-L06-016,特征值法判断正定,数学一,线性代数,二次型,core,,active
M1-L06-017,顺序主子式法判断正定,数学一,线性代数,二次型,core,,active
M1-L06-018,含参数正定矩阵判定,数学一,线性代数,二次型,core,,active
M1-L06-019,正定矩阵的性质,数学一,线性代数,二次型,core,,active
M1-P01-001,事件关系与事件运算,数学一,概率论与数理统计,随机事件和概率,core,,active
M1-P01-002,互斥事件与对立事件,数学一,概率论与数理统计,随机事件和概率,core,,active
M1-P01-003,完备事件组,数学一,概率论与数理统计,随机事件和概率,core,,active
M1-P01-004,概率基本性质,数学一,概率论与数理统计,随机事件和概率,core,,active
M1-P01-005,概率加法公式与容斥原理,数学一,概率论与数理统计,随机事件和概率,core,,active
M1-P01-006,古典概型,数学一,概率论与数理统计,随机事件和概率,core,,active
M1-P01-007,排列组合计数求概率,数学一,概率论与数理统计,随机事件和概率,core,,active
M1-P01-008,几何概型,数学一,概率论与数理统计,随机事件和概率,core,,active
M1-P01-009,条件概率,数学一,概率论与数理统计,随机事件和概率,core,,active
M1-P01-010,概率乘法公式,数学一,概率论与数理统计,随机事件和概率,core,,active
M1-P01-011,全概率公式,数学一,概率论与数理统计,随机事件和概率,core,,active
M1-P01-012,贝叶斯公式,数学一,概率论与数理统计,随机事件和概率,core,,active
M1-P01-013,事件独立性判定,数学一,概率论与数理统计,随机事件和概率,core,,active
M1-P01-014,多个事件相互独立,数学一,概率论与数理统计,随机事件和概率,core,,active
M1-P01-015,两两独立与相互独立,数学一,概率论与数理统计,随机事件和概率,auxiliary,,active
M1-P01-016,互斥与独立的区别,数学一,概率论与数理统计,随机事件和概率,auxiliary,,active
M1-P01-017,伯努利重复试验与二项概率,数学一,概率论与数理统计,随机事件和概率,core,,active
M1-P01-018,至少一次问题的对立事件法,数学一,概率论与数理统计,随机事件和概率,core,,active
M1-P02-001,由概率求分布函数,数学一,概率论与数理统计,一维随机变量及其分布,core,,active
M1-P02-002,由分布函数求概率,数学一,概率论与数理统计,一维随机变量及其分布,core,,active
M1-P02-003,分布函数基本性质,数学一,概率论与数理统计,一维随机变量及其分布,auxiliary,,active
M1-P02-004,分段分布函数与参数确定,数学一,概率论与数理统计,一维随机变量及其分布,core,,active
M1-P02-005,离散型随机变量分布律,数学一,概率论与数理统计,一维随机变量及其分布,core,,active
M1-P02-006,由概率条件确定分布律,数学一,概率论与数理统计,一维随机变量及其分布,core,,active
M1-P02-007,概率密度函数,数学一,概率论与数理统计,一维随机变量及其分布,core,,active
M1-P02-008,由概率密度求分布函数,数学一,概率论与数理统计,一维随机变量及其分布,core,,active
M1-P02-009,由分布函数求概率密度,数学一,概率论与数理统计,一维随机变量及其分布,core,,active
M1-P02-010,概率密度归一化确定参数,数学一,概率论与数理统计,一维随机变量及其分布,core,,active
M1-P02-011,0-1分布,数学一,概率论与数理统计,一维随机变量及其分布,core,,active
M1-P02-012,二项分布,数学一,概率论与数理统计,一维随机变量及其分布,core,,active
M1-P02-013,几何分布,数学一,概率论与数理统计,一维随机变量及其分布,core,,active
M1-P02-014,超几何分布,数学一,概率论与数理统计,一维随机变量及其分布,core,,active
M1-P02-015,泊松分布,数学一,概率论与数理统计,一维随机变量及其分布,core,,active
M1-P02-016,泊松分布近似二项分布,数学一,概率论与数理统计,一维随机变量及其分布,core,,active
M1-P02-017,均匀分布,数学一,概率论与数理统计,一维随机变量及其分布,core,,active
M1-P02-018,指数分布,数学一,概率论与数理统计,一维随机变量及其分布,core,,active
M1-P02-019,正态分布,数学一,概率论与数理统计,一维随机变量及其分布,core,,active
M1-P02-020,正态分布标准化,数学一,概率论与数理统计,一维随机变量及其分布,core,,active
M1-P02-021,标准正态分布概率计算,数学一,概率论与数理统计,一维随机变量及其分布,core,,active
M1-P02-022,离散型随机变量函数的分布,数学一,概率论与数理统计,一维随机变量及其分布,core,,active
M1-P02-023,分布函数法求连续随机变量函数的分布,数学一,概率论与数理统计,一维随机变量及其分布,core,,active
M1-P02-024,连续型随机变量函数变换法,数学一,概率论与数理统计,一维随机变量及其分布,core,单调变换法|密度函数变换法|随机变量变换公式,active
M1-P03-001,二维离散型联合分布律,数学一,概率论与数理统计,多维随机变量及其分布,core,,active
M1-P03-002,联合分布表补全,数学一,概率论与数理统计,多维随机变量及其分布,core,,active
M1-P03-003,由联合分布求概率,数学一,概率论与数理统计,多维随机变量及其分布,core,,active
M1-P03-004,二维联合概率密度,数学一,概率论与数理统计,多维随机变量及其分布,core,,active
M1-P03-005,二维密度归一化确定参数,数学一,概率论与数理统计,多维随机变量及其分布,core,,active
M1-P03-006,二维区域概率计算,数学一,概率论与数理统计,多维随机变量及其分布,core,,active
M1-P03-007,二维均匀分布,数学一,概率论与数理统计,多维随机变量及其分布,core,,active
M1-P03-008,离散型边缘分布律,数学一,概率论与数理统计,多维随机变量及其分布,core,,active
M1-P03-009,连续型边缘概率密度,数学一,概率论与数理统计,多维随机变量及其分布,core,,active
M1-P03-010,离散型条件分布,数学一,概率论与数理统计,多维随机变量及其分布,core,,active
M1-P03-011,连续型条件概率密度,数学一,概率论与数理统计,多维随机变量及其分布,core,,active
M1-P03-012,二维离散随机变量独立性判定,数学一,概率论与数理统计,多维随机变量及其分布,core,,active
M1-P03-013,二维连续随机变量独立性判定,数学一,概率论与数理统计,多维随机变量及其分布,core,,active
M1-P03-014,二维正态分布参数识别,数学一,概率论与数理统计,多维随机变量及其分布,core,,active
M1-P03-015,二维正态分布的边缘分布,数学一,概率论与数理统计,多维随机变量及其分布,core,,active
M1-P03-016,二维正态下不相关等价于独立,数学一,概率论与数理统计,多维随机变量及其分布,core,,active
M1-P03-017,随机变量和的分布,数学一,概率论与数理统计,多维随机变量及其分布,core,,active
M1-P03-018,卷积公式,数学一,概率论与数理统计,多维随机变量及其分布,core,,active
M1-P03-019,正态随机变量线性组合,数学一,概率论与数理统计,多维随机变量及其分布,core,,active
M1-P03-020,最大值与最小值的分布,数学一,概率论与数理统计,多维随机变量及其分布,core,,active
M1-P03-021,二维区域法求随机变量函数分布,数学一,概率论与数理统计,多维随机变量及其分布,core,,active
M1-P04-001,离散型随机变量数学期望,数学一,概率论与数理统计,随机变量的数字特征,core,,active
M1-P04-002,连续型随机变量数学期望,数学一,概率论与数理统计,随机变量的数字特征,core,,active
M1-P04-003,随机变量函数的数学期望,数学一,概率论与数理统计,随机变量的数字特征,core,,active
M1-P04-004,二维随机变量函数的数学期望,数学一,概率论与数理统计,随机变量的数字特征,core,,active
M1-P04-005,期望线性性质,数学一,概率论与数理统计,随机变量的数字特征,auxiliary,,active
M1-P04-006,条件期望,数学一,概率论与数理统计,随机变量的数字特征,auxiliary,,active
M1-P04-007,全期望公式,数学一,概率论与数理统计,随机变量的数字特征,core,塔式期望|迭代期望,active
M1-P04-008,方差及其计算公式,数学一,概率论与数理统计,随机变量的数字特征,core,,active
M1-P04-009,随机变量线性变换的方差,数学一,概率论与数理统计,随机变量的数字特征,core,,active
M1-P04-010,随机变量和的方差,数学一,概率论与数理统计,随机变量的数字特征,core,,active
M1-P04-011,协方差计算,数学一,概率论与数理统计,随机变量的数字特征,core,,active
M1-P04-012,利用协方差计算和的方差,数学一,概率论与数理统计,随机变量的数字特征,core,,active
M1-P04-013,相关系数计算,数学一,概率论与数理统计,随机变量的数字特征,core,,active
M1-P04-014,随机变量不相关判定,数学一,概率论与数理统计,随机变量的数字特征,core,,active
M1-P04-015,独立与不相关的关系,数学一,概率论与数理统计,随机变量的数字特征,auxiliary,,active
M1-P04-016,原点矩与中心矩,数学一,概率论与数理统计,随机变量的数字特征,core,,active
M1-P04-017,二阶矩与方差关系,数学一,概率论与数理统计,随机变量的数字特征,auxiliary,,active
M1-P04-018,利用分布求数字特征,数学一,概率论与数理统计,随机变量的数字特征,core,,active
M1-P04-019,相关系数绝对值为1的线性关系,数学一,概率论与数理统计,随机变量的数字特征,core,完全相关|完全正相关|完全负相关|ρ=±1,active
M1-P05-001,切比雪夫不等式,数学一,概率论与数理统计,大数定律与中心极限定理,core,,active
M1-P05-002,切比雪夫不等式估计概率,数学一,概率论与数理统计,大数定律与中心极限定理,core,,active
M1-P05-003,切比雪夫大数定律,数学一,概率论与数理统计,大数定律与中心极限定理,core,,active
M1-P05-004,伯努利大数定律,数学一,概率论与数理统计,大数定律与中心极限定理,core,,active
M1-P05-005,辛钦大数定律,数学一,概率论与数理统计,大数定律与中心极限定理,core,,active
M1-P05-006,棣莫弗—拉普拉斯中心极限定理,数学一,概率论与数理统计,大数定律与中心极限定理,core,,active
M1-P05-007,列维—林德伯格中心极限定理,数学一,概率论与数理统计,大数定律与中心极限定理,core,,active
M1-P05-008,中心极限定理求概率,数学一,概率论与数理统计,大数定律与中心极限定理,core,,active
M1-P06-001,总体、个体与简单随机样本,数学一,概率论与数理统计,数理统计基本概念,core,,active
M1-P06-002,统计量判定,数学一,概率论与数理统计,数理统计基本概念,core,,active
M1-P06-003,样本均值,数学一,概率论与数理统计,数理统计基本概念,core,,active
M1-P06-004,样本方差,数学一,概率论与数理统计,数理统计基本概念,core,,active
M1-P06-005,样本矩,数学一,概率论与数理统计,数理统计基本概念,core,,active
M1-P06-006,经验分布函数,数学一,概率论与数理统计,数理统计基本概念,core,,active
M1-P06-007,卡方分布及其构造,数学一,概率论与数理统计,数理统计基本概念,core,,active
M1-P06-008,t分布及其构造,数学一,概率论与数理统计,数理统计基本概念,core,,active
M1-P06-009,F分布及其构造,数学一,概率论与数理统计,数理统计基本概念,core,,active
M1-P06-010,分位数与上α分位点,数学一,概率论与数理统计,数理统计基本概念,core,,active
M1-P06-011,正态总体样本均值分布,数学一,概率论与数理统计,数理统计基本概念,core,,active
M1-P06-012,样本均值与样本方差的独立性,数学一,概率论与数理统计,数理统计基本概念,core,,active
M1-P06-013,(n-1)S^2/σ^2的卡方分布,数学一,概率论与数理统计,数理统计基本概念,core,,active
M1-P06-014,未知方差时样本均值的t分布,数学一,概率论与数理统计,数理统计基本概念,core,,active
M1-P06-015,两个样本方差比的F分布,数学一,概率论与数理统计,数理统计基本概念,core,,active
M1-P07-001,矩估计法,数学一,概率论与数理统计,参数估计,core,,active
M1-P07-002,多参数矩估计,数学一,概率论与数理统计,参数估计,core,,active
M1-P07-003,似然函数构造,数学一,概率论与数理统计,参数估计,core,,active
M1-P07-004,对数似然函数,数学一,概率论与数理统计,参数估计,core,,active
M1-P07-005,求导法求最大似然估计,数学一,概率论与数理统计,参数估计,core,,active
M1-P07-006,非正则情形最大似然估计,数学一,概率论与数理统计,参数估计,core,,active
M1-P07-007,利用样本极值求最大似然估计,数学一,概率论与数理统计,参数估计,core,,active
M1-P07-008,估计量无偏性,数学一,概率论与数理统计,参数估计,core,,active
M1-P07-009,构造无偏估计量,数学一,概率论与数理统计,参数估计,core,,active
M1-P07-010,估计量有效性,数学一,概率论与数理统计,参数估计,core,,active
M1-P07-011,估计量一致性,数学一,概率论与数理统计,参数估计,core,,active
M1-P07-012,置信区间与置信度,数学一,概率论与数理统计,参数估计,core,,active
M1-P07-013,枢轴量法构造置信区间,数学一,概率论与数理统计,参数估计,core,,active
M1-P07-014,正态总体均值置信区间——方差已知,数学一,概率论与数理统计,参数估计,core,,active
M1-P07-015,正态总体均值置信区间——方差未知,数学一,概率论与数理统计,参数估计,core,,active
M1-P07-016,正态总体方差置信区间,数学一,概率论与数理统计,参数估计,core,,active
M1-P07-017,两个正态总体均值差置信区间,数学一,概率论与数理统计,参数估计,core,,active
M1-P07-018,两个正态总体方差比置信区间,数学一,概率论与数理统计,参数估计,core,,active
M1-P08-001,原假设与备择假设,数学一,概率论与数理统计,假设检验,core,,active
M1-P08-002,显著性水平与拒绝域,数学一,概率论与数理统计,假设检验,core,,active
M1-P08-003,检验统计量与临界值,数学一,概率论与数理统计,假设检验,core,,active
M1-P08-004,双侧检验,数学一,概率论与数理统计,假设检验,core,,active
M1-P08-005,单侧检验,数学一,概率论与数理统计,假设检验,core,,active
M1-P08-006,第一类错误,数学一,概率论与数理统计,假设检验,core,,active
M1-P08-007,第二类错误,数学一,概率论与数理统计,假设检验,core,,active
M1-P08-008,单总体均值Z检验,数学一,概率论与数理统计,假设检验,core,,active
M1-P08-009,单总体均值t检验,数学一,概率论与数理统计,假设检验,core,,active
M1-P08-010,单总体方差卡方检验,数学一,概率论与数理统计,假设检验,core,,active
M1-P08-011,两总体均值差检验,数学一,概率论与数理统计,假设检验,core,,active
M1-P08-012,两总体方差比F检验,数学一,概率论与数理统计,假设检验,core,,active
